ID,Topics
0,"[ 2.32392310e-04  2.68895934e-02 -2.44478388e-03 -5.92293603e-03
 -4.38118091e-03  5.50949038e-04  2.07175977e-03  7.24286477e-03
 -7.59253717e-03  8.92155304e-04  6.13297979e-03  4.04699441e-02
  1.81165192e-02  9.11480997e-03  1.29719340e-03 -2.16802502e-02
  7.98933059e-03 -2.56621204e-03  5.95726780e-03  7.31110212e-03
 -1.64449539e-03  1.67953786e-03  1.03185759e-03  1.05737513e-03
  2.01851092e-03  4.94199831e-03 -1.15179799e-03 -2.84527316e-03
 -1.97452424e-03  8.10588215e-04  5.23094621e-03  3.48979658e-03
 -3.35802457e-03 -5.35051997e-04  8.53119543e-04 -3.42525295e-03
 -9.00410489e-04 -2.21943871e-03  2.94984965e-04 -1.07328871e-03
 -3.18061443e-03  1.77230343e-03  4.55036181e-03  3.04634067e-03
 -3.73309525e-03 -6.51748004e-03  6.56696322e-03  5.74732274e-04
 -9.56756133e-04  2.34554598e-04 -1.47518411e-03  3.62865315e-04
  1.74670288e-03 -3.19431867e-03 -7.14724262e-04 -1.39609573e-03
  5.07392648e-03 -9.68074262e-05 -1.61334612e-03  1.66496102e-03
 -4.95192842e-03  1.38031925e-03  3.96068153e-03 -1.73126231e-03
  8.28997805e-03  3.19712534e-04  9.89701662e-03 -9.93513512e-03
  6.59283602e-03 -5.96583438e-03  2.32085459e-03 -5.67303979e-03
  1.08483518e-02 -7.26104020e-04 -1.35177563e-02  7.80340744e-03
  1.17458747e-02 -1.07061260e-03 -3.90633968e-05 -2.84393365e-02
 -3.22707350e-03 -1.26325770e-02  8.06006622e-04  5.62706941e-03
  1.66772766e-02  2.23440214e-02  1.86580649e-03 -1.23046818e-02
 -2.90074252e-02 -2.70039879e-02  8.31550159e-03 -2.68687821e-02
 -9.13356945e-03  1.53439456e-02  6.34122904e-03 -2.67513504e-02
  6.39806352e-03  3.38383505e-02 -1.35058282e-02 -4.64806513e-03]"
1,"[ 2.37892677e-04  2.12216596e-02 -1.90875842e-03 -4.60207016e-03
 -3.67424079e-03  4.87710346e-04  4.81012880e-04  1.61054444e-03
 -3.90057705e-03  8.63638954e-04  4.75858246e-03  3.15348683e-02
 -7.31525737e-03  3.49997853e-03  3.40830087e-03 -5.37334394e-03
  1.80251793e-03 -1.23799846e-04 -4.19618750e-03  3.11318121e-03
 -4.03327460e-03 -1.73928973e-03 -2.15609523e-03  2.85273612e-03
  5.69641215e-03  1.13989343e-02  7.17131775e-05 -1.18430344e-02
 -3.75678784e-03  6.70074466e-03  1.24104366e-02  3.96996518e-03
  6.59342690e-04 -1.02158206e-02 -2.98093171e-03 -6.96273392e-03
 -7.62440365e-03 -1.13036572e-02  8.19890035e-03 -1.12593254e-02
 -3.44590407e-03  3.52588123e-03  2.44428638e-03 -5.86950575e-03
 -5.68040171e-03 -1.48591882e-02  2.50115251e-03  4.27926997e-03
  6.14999530e-04 -1.91388593e-02  1.97398945e-02 -2.90960912e-03
  3.47312432e-03  3.19331797e-02 -1.49311464e-03 -7.30859141e-04
  1.72910927e-02  2.01971015e-03 -8.91256104e-03 -1.35800981e-02
 -6.29135668e-03  1.36055773e-02  7.23463681e-03 -2.28179721e-02
  1.22590197e-02  2.53962670e-03  1.79507772e-02  2.05901663e-03
  1.38093554e-02 -1.97089634e-02  8.35110924e-03 -2.60187731e-03
  1.49396188e-02  3.30612191e-02 -1.64095027e-02 -3.56598249e-02
  2.99250319e-02  1.16753968e-02  1.52469886e-02  2.20933542e-02
 -3.27949478e-02  4.41103660e-03  3.28514713e-02  3.05913804e-03
  2.11339406e-02  3.09494425e-03 -2.91037920e-04 -3.40638009e-02
 -8.02906160e-03 -1.84840334e-02  5.88801270e-03 -4.49491757e-02
 -5.63603033e-03  8.91355722e-03  1.07780045e-03 -3.76119138e-03
  1.77596803e-02  2.17233093e-02  3.15436761e-03 -2.60078520e-02]"
2,"[ 2.77679834e-04  2.02496284e-02 -8.07979270e-05  6.20439580e-03
 -2.47354202e-03  2.72499964e-03 -7.92717266e-04 -3.22659630e-03
  2.04871535e-01 -6.49093221e-03 -4.15239811e-02  1.13235376e-02
  8.50932757e-03 -1.47486393e-02 -3.42328788e-02  6.05507091e-03
 -2.55219921e-03  3.00945508e-03  4.22602146e-02  6.39586486e-02
 -8.38364285e-02  3.02261568e-02  5.04579154e-01 -2.41541188e-02
 -4.60931629e-02 -5.21099691e-02  1.71542513e-01 -4.12769911e-02
  4.87360171e-02 -1.00000111e-02  1.18895216e-01 -1.08197895e-02
 -3.19118629e-02 -1.59821075e-02 -1.83418109e-02 -8.26731882e-02
  1.08485962e-02 -3.24337230e-02  2.80123107e-02 -3.98471069e-03
  1.04480038e-02  4.39399114e-03 -4.89518712e-03  5.41253378e-03
 -1.08899490e-02 -7.45464208e-04 -7.58176928e-03  5.48758373e-03
  9.62037107e-03 -2.67962762e-02 -2.41570224e-02  1.42344947e-03
 -3.66007080e-02  1.10840267e-03  7.44424501e-02  1.59647946e-02
  1.08976504e-02  1.77713745e-03  8.25803545e-03  9.43728506e-03
 -3.00981967e-02  1.79110528e-02  1.72872151e-03  3.22254549e-02
  3.10951315e-02 -5.57979223e-03 -3.33016470e-02 -4.80364321e-02
 -9.97095402e-03 -3.06625442e-02 -4.92474246e-02  7.23396192e-03
 -2.54214581e-02  5.09622423e-03 -2.71243981e-02 -4.22758329e-02
 -1.77383564e-02  2.61214651e-02 -4.94335718e-02  1.45766926e-02
 -3.87314302e-02 -1.38514176e-02 -3.22571567e-02 -3.94368979e-02
  1.54814547e-02  2.88588212e-02 -1.90171866e-02  5.78286604e-03
  7.28791530e-03  1.27447174e-02  2.76130454e-02  4.42422970e-02
  1.92021061e-02 -5.28807840e-03 -3.71900809e-02 -9.78885603e-03
 -4.15587749e-02  1.29583286e-02 -4.74785863e-02 -1.18930983e-02]"
4,"[ 0.00045728  0.03280951 -0.00179981 -0.0020427  -0.00480239  0.00113711
  0.00115569  0.00425087  0.0118834   0.00177183  0.01070038  0.00715922
  0.02894363  0.0053978  -0.01220125  0.03224756 -0.01341199  0.0020921
 -0.04404521 -0.01536331 -0.01879448 -0.00220028  0.00387293 -0.00219392
  0.00811438  0.03322233  0.01157944 -0.04743911 -0.02017533  0.08107677
 -0.03849577  0.1169619  -0.06349759  0.0494177   0.00143924 -0.02240697
 -0.00063376 -0.00058358  0.01655899  0.02065829  0.01530678  0.00391231
  0.01993294  0.04037287 -0.00741276  0.02791611 -0.01877419 -0.00608076
  0.02023121 -0.00491818 -0.03595784  0.00224852 -0.04788395  0.00367336
  0.03625635 -0.03319726  0.01186032 -0.06454325  0.00714105 -0.10480497
  0.00050907  0.09670507 -0.01789157  0.07117745  0.00641039 -0.01511728
 -0.05307879  0.03270008  0.02534764 -0.01915239 -0.06734128  0.02040103
  0.0034524  -0.00677613  0.10964028  0.00540567  0.00172391 -0.02137555
  0.01412821  0.02818954  0.05459655  0.03671548  0.0078741  -0.02240439
 -0.03118631 -0.0082343   0.00520032 -0.00348251 -0.03308914 -0.02503014
 -0.05430748 -0.02270972  0.08108885 -0.05225875  0.01792856 -0.04025606
 -0.0239231   0.00200329 -0.05062677 -0.04193402]"
5,"[ 1.45824094e-04  1.03978035e-02  1.86298698e-03  8.55194019e-03
  1.40302973e-03  5.16643854e-03  1.01428038e-05 -1.89635326e-04
  1.21695469e-02  3.30074101e-04  1.15957525e-02  3.06481160e-03
  1.11458353e-02  4.26395628e-04 -2.24960130e-03  2.03848405e-02
 -9.69168214e-03  2.27916293e-03 -7.83240109e-05 -4.68467635e-04
  1.17785121e-03 -2.66543233e-03 -1.55160621e-02  4.22449495e-03
  3.13377259e-04  6.43776147e-03  2.29401542e-03 -1.78421122e-02
 -8.05158677e-05  9.09641027e-03 -8.07439718e-03 -3.37556297e-02
 -4.43626010e-02  2.94847142e-02  3.88539602e-03  1.36235729e-02
 -4.58934158e-02 -1.73277769e-02  9.06371383e-02 -2.85147004e-02
 -1.70000918e-03  1.66161243e-03  2.24007911e-02  3.34073669e-03
  1.47367968e-02 -1.31474234e-02 -2.13494825e-04 -3.32072294e-03
  2.94877544e-03 -1.12204848e-02  2.17659730e-02 -4.93340381e-04
 -2.21435872e-03  9.31416434e-03  1.83106246e-04 -3.02745540e-03
  1.49336443e-02  1.28748584e-02 -1.69277948e-02 -7.77758583e-03
 -1.58654917e-02  4.08590419e-02  3.96576978e-03 -9.88330767e-03
 -4.09063345e-02 -2.56775196e-02  5.13360442e-03  3.66705041e-02
  2.49762748e-03 -4.01686194e-02  3.64331828e-02  1.95151753e-02
  6.42425478e-02  4.94164281e-02 -3.09699235e-02 -9.09149158e-02
  6.40550502e-03 -3.00594708e-02 -8.20959034e-03 -1.90341287e-02
 -6.01038536e-03 -4.50502822e-02 -5.80324834e-02  2.13004231e-02
  5.49687268e-02  2.72681449e-02 -4.02312726e-02  6.89087233e-03
 -2.54893264e-02  6.63035973e-02 -9.17288983e-03  4.12394098e-02
 -2.35071169e-02  2.03624759e-02  3.62595615e-02 -2.96003170e-02
 -4.44743007e-02  2.58296246e-02 -1.17993204e-03  9.92632817e-03]"
6,"[ 6.27085503e-02  5.03138541e-02 -5.80613906e-03 -8.34896206e-03
 -6.63768421e-03 -1.15779221e-03  5.78415621e-03  2.80796605e-02
  1.06638593e-02 -5.31237499e-05 -2.67704008e-03  2.07337812e-02
  1.88553445e-02  1.17912546e-02  6.64196956e-02  3.19687109e-02
 -2.76146647e-02  6.64039161e-02 -4.30842103e-03  3.44973768e-02
 -7.21151092e-02  6.22180624e-03  9.43625966e-03  5.88848370e-03
 -4.43808386e-03  1.31175368e-02  2.90781550e-02 -1.52095936e-02
 -3.90690113e-03  5.16429363e-03 -1.04854090e-02  2.10074979e-04
 -5.90409031e-03 -1.71448549e-03 -1.77991010e-03  7.48555165e-03
  3.39502945e-03 -5.82247462e-03 -3.68640623e-03 -7.81047845e-03
 -2.37515016e-03 -1.86990841e-04 -1.62509434e-02 -1.69020607e-02
  2.71128214e-03 -1.25817756e-02  2.02921741e-03  5.31807785e-03
  1.45860391e-03  5.20666744e-03  7.05232673e-03 -1.17066294e-02
  1.31317855e-02 -1.70639337e-05 -7.30504142e-03  1.59769533e-02
  4.48096259e-03  1.99742802e-03  9.23921186e-03 -6.50011584e-03
  1.64303846e-02  7.17412554e-03  5.64424126e-03 -8.09208379e-03
 -1.33827986e-02  4.28333652e-02  1.03349906e-02  1.40901943e-02
  1.26194780e-02 -1.07668610e-02  4.54362820e-03  6.13749885e-03
 -1.50013236e-04 -2.26309946e-02 -1.92873785e-03 -5.12165880e-03
  1.69061159e-02  3.16194218e-03  1.19198389e-02  1.98703806e-05
  1.97532500e-02 -8.42965167e-03  1.39446356e-02  7.10580672e-04
 -3.77325600e-02  5.82054920e-03  3.34182260e-03  5.04405584e-02
  7.51429687e-03  3.78143388e-03 -2.59372161e-02 -3.40088782e-02
 -3.05680535e-02  8.36604039e-03  1.10192093e-02 -2.66166425e-02
 -1.48683401e-03 -1.61314838e-02  2.26519406e-02 -5.36382114e-03]"
7,"[ 4.40028415e-04  3.81337795e-02 -2.13067555e-03 -4.89245795e-03
  7.26702846e-04  4.76270877e-03  1.92294724e-02  9.87204380e-02
  4.79033612e-04  1.78401478e-03  1.05597288e-02  2.25289115e-02
  5.39189701e-02  7.38691075e-03 -1.61742394e-02  4.43570403e-02
 -4.53258811e-03  1.11846300e-02 -3.36075197e-02 -8.66477695e-03
 -9.83357589e-03 -2.81419809e-03 -3.49902570e-03  1.02979508e-01
  1.96200387e-05 -5.32681000e-03  9.53179121e-04 -1.27938777e-02
 -5.92648518e-03  1.12381895e-02 -2.42594838e-03 -2.72369202e-03
 -5.24524323e-02  3.21328821e-02  7.34575097e-03 -8.55383846e-03
 -1.86867414e-02 -1.55261048e-02 -7.96823225e-03 -2.64497219e-02
 -1.05315016e-02 -8.09465629e-04 -1.76317962e-02 -5.96886810e-02
  5.70855370e-02 -2.90444046e-02 -5.66493078e-03 -1.70350273e-02
 -1.13099431e-03  1.58316386e-02  3.17640715e-02 -1.05286752e-02
  1.55319894e-02  1.72822289e-02 -6.92886962e-03  3.90604566e-02
  4.47137087e-02  3.02086787e-02  4.02666728e-02  4.22611956e-02
 -1.00066259e-03  1.80970304e-02  1.59656331e-02  1.86656341e-02
 -2.20202598e-02  3.23859878e-02  1.34742297e-02 -1.33198986e-02
  1.20493943e-02 -3.92026880e-02  1.48395916e-02 -1.38189063e-03
  6.21045366e-03 -5.97052796e-03 -2.22719702e-02 -6.37641241e-02
 -1.11370493e-02  5.86483128e-03 -7.86608698e-03 -3.38252761e-02
  3.67286658e-02  3.26240074e-02 -1.13969331e-02 -1.49338730e-02
  3.24257614e-02  1.69515338e-02 -4.86832372e-02  7.06257309e-02
 -2.48560405e-02  6.39248095e-02  4.30922267e-02  1.73003112e-02
 -7.29294148e-03 -3.10558186e-02  8.11976060e-02 -3.61068646e-02
 -4.58073804e-03  2.84508875e-02  3.71093651e-02 -1.59605259e-02]"
8,"[ 1.13347329e-01  3.15805475e-02 -5.32334710e-03 -5.52638452e-03
 -3.55064513e-03 -3.10471238e-03  1.02385653e-03  6.91962733e-03
  2.66721881e-02 -1.41370975e-03 -4.05503550e-03  1.83985368e-02
  4.23609847e-02  5.23254506e-03 -2.07722115e-02  3.01121994e-02
 -1.40964535e-02  1.42409538e-02 -2.25783138e-02 -5.34228060e-04
 -1.88094444e-02  1.66116769e-03  4.21723705e-02 -2.03704910e-03
 -4.69364815e-03  2.70872555e-03  2.81180172e-02 -1.09722258e-02
  2.43482344e-03  8.43123927e-03 -1.35500900e-02  4.77657895e-03
 -2.40021876e-03 -9.25717775e-04  1.31243658e-03  1.39477150e-02
 -2.67408862e-03  3.47552329e-03  1.77613510e-04 -1.59506118e-02
 -5.94962774e-03 -4.60013721e-04 -1.67148992e-02 -2.43493951e-02
  8.30691951e-03 -1.25706145e-02  2.40814638e-03  5.50574587e-03
 -9.51308264e-03  3.28497618e-02  1.45983118e-02 -1.48529578e-02
  2.68389463e-02  9.71722501e-03 -2.14799967e-02  1.56060763e-02
  7.67861158e-03  6.77408351e-03 -1.26023776e-03  5.93159517e-03
  8.49757379e-03 -6.49638144e-03  1.05638210e-02  6.27738643e-03
 -1.25928703e-02  3.21878972e-02  1.44466793e-02 -1.45901123e-02
  6.55053244e-03 -1.78212332e-02  4.84633474e-03 -4.18644065e-03
 -6.93998537e-03 -1.93156096e-02  1.76319280e-03  1.01430486e-02
  1.18580106e-02  3.30281534e-03  1.53869383e-02 -1.20592052e-02
  2.32695363e-02  1.04754725e-02 -9.32011795e-03  4.00692035e-02
 -4.90503608e-03  4.79883778e-03  6.14573999e-03  1.95316208e-02
 -9.31011108e-03 -4.75255026e-03  7.25987706e-03 -2.30251331e-02
  9.29515781e-03 -2.58833133e-02  2.98577614e-02 -3.26174982e-05
  2.67596655e-02  1.03979918e-04  2.66664661e-02 -3.33055843e-02]"
9,"[ 0.00143506  0.14536587 -0.01282188 -0.02718022 -0.02914628  0.00317336
  0.00412821  0.03367876  0.0070948  -0.00304439 -0.00998249 -0.02049401
 -0.01046459 -0.00527516  0.00651247 -0.04563304  0.0189007  -0.02683644
  0.01628132  0.00876415 -0.00697705 -0.00201167  0.07629821 -0.00680968
 -0.01237356 -0.01710448  0.01878261 -0.01158119  0.00145362  0.01590773
  0.01111478 -0.01083368  0.00097377 -0.01539625 -0.00705138 -0.03928284
  0.00456771 -0.02189636  0.01669768 -0.00063055  0.02870414  0.00257004
 -0.01790149  0.00454326 -0.02346454 -0.00412269  0.0055789  -0.00735139
 -0.01704002  0.00185058 -0.01308643 -0.00684106 -0.01207577  0.00123771
  0.01153158 -0.00841848 -0.01667682  0.00475831 -0.01896876  0.01010426
  0.01257694  0.02095848  0.02542968 -0.00999848  0.0317653  -0.01130279
 -0.01086423 -0.00913001 -0.02492043  0.00837705 -0.00485321  0.01115838
 -0.00352763 -0.01197471 -0.00217764 -0.02425038  0.00654104  0.00599407
 -0.01375247  0.00796873 -0.01539316  0.00914297 -0.01220545 -0.03231984
 -0.00981321  0.0166123   0.00906418 -0.02965613  0.0083118   0.01589878
  0.01746582  0.00080621  0.01754001  0.00972392  0.00121457 -0.01842581
 -0.00510958 -0.00759876  0.00229698 -0.00065166]"
11,"[ 2.31735892e-04  1.34452789e-02 -5.44002454e-04 -6.73893776e-04
 -1.87649113e-03  1.02681519e-03  1.04766339e-03  3.74933839e-03
  9.72809257e-03  1.29406120e-03  7.56628986e-03  6.62839689e-03
  2.08326670e-02  3.74686434e-03 -1.03707425e-02  2.42841000e-02
 -9.97620464e-03  2.83306526e-03 -2.75216108e-02 -1.06742497e-02
 -1.10083076e-02 -1.17338301e-03  2.23265969e-03 -1.91375193e-03
  4.62959862e-03  2.10439320e-02  1.11102235e-02 -3.21089306e-02
 -1.28127436e-02  5.67886418e-02 -2.77162682e-02  8.50194019e-02
 -4.39967622e-02  3.47100969e-02  1.86350063e-03 -1.67822561e-02
  1.31480806e-05  8.18480374e-04  7.94901098e-03  1.47655284e-02
  1.26303392e-02  2.89417979e-03  1.37107312e-02  2.82476619e-02
 -3.76034349e-03  1.61732792e-02 -1.13236420e-02 -3.28325027e-03
  1.17917781e-02 -2.04452323e-03 -2.26328133e-02 -1.42962237e-03
 -3.17791713e-02  3.71012155e-03  2.06264439e-02 -2.09900454e-02
  5.02839740e-03 -4.21257387e-02  7.59899702e-04 -7.15012137e-02
  1.94795517e-03  7.14839052e-02 -8.76404042e-03  4.62737674e-02
  4.39591483e-03 -1.24380161e-02 -3.74008076e-02  2.35530661e-02
  1.85709749e-02 -6.65184238e-03 -4.83925593e-02  1.42149390e-02
  9.46893688e-03  5.96103976e-04  7.80346316e-02 -1.87393524e-03
  8.40396180e-03 -1.81975579e-02  6.58754060e-04  1.52705243e-02
  4.10389025e-02  1.99720837e-02  8.02796151e-03 -1.84569698e-02
 -2.03519690e-02 -8.30173248e-03  8.90054119e-03 -9.98379943e-04
 -1.65966610e-02 -1.46269966e-02 -3.56029156e-02 -1.76207929e-02
  5.86763097e-02 -4.18588083e-02  2.14367089e-02 -1.87848559e-02
 -2.08665937e-02 -9.62130076e-04 -3.53192806e-02 -2.10052932e-02]"
13,"[ 6.14063547e-05  5.12914389e-03 -3.55332788e-04  7.50611717e-04
 -4.12444143e-04 -3.97146707e-04 -8.89599936e-05  8.82675452e-06
 -7.62401943e-04 -8.99922483e-06 -3.38305568e-04 -5.99219635e-04
  2.16328080e-04  1.10048873e-03  2.11665969e-03 -4.42401264e-04
  4.07205911e-04 -4.39006487e-04 -2.10593426e-03 -9.62949692e-04
  5.24508103e-04 -6.13985920e-04  2.39911051e-03  1.76963829e-04
  3.00552111e-03  8.01982567e-03  1.13715936e-03  3.61224371e-03
  2.30085271e-04  5.41945674e-04 -6.58765778e-04 -9.92656442e-05
 -8.23307432e-05 -2.36673144e-04  8.11539103e-05  6.15463754e-04
 -3.76447838e-04  8.47892413e-05  3.99106502e-04 -3.79072812e-04
 -9.48278684e-04 -6.54738472e-05 -1.26498182e-03  1.93884846e-04
 -9.30415447e-04  7.91328259e-04  3.40472755e-05 -2.36110780e-04
  9.59600094e-05  3.48999871e-03 -2.69705001e-03 -5.35244189e-05
 -5.40393134e-04  1.90225244e-03  6.15232385e-04 -2.29794069e-04
  2.31217524e-03 -2.30608596e-03  6.94819572e-06 -2.58685930e-03
  9.20798724e-04  5.38145261e-03  4.99560134e-04  5.76220137e-04
 -9.30799358e-04  1.52871897e-03  3.01130633e-03  6.96691857e-04
 -6.23506896e-04  4.41029108e-03  1.87812167e-03 -2.42416599e-03
 -1.46039750e-03  1.91567786e-03 -4.60792131e-03  1.51543980e-03
  4.83852922e-03  2.18670178e-03  9.61367846e-04 -1.44702655e-03
 -6.84320753e-04  7.48032374e-04  3.48901451e-03  2.12149756e-03
  5.83674442e-04 -1.03579623e-03 -6.02322364e-04  2.59986021e-03
  1.48207175e-03  3.89239743e-05  2.09698339e-03  1.01204715e-03
 -5.79117173e-04  2.84560654e-04  6.73236822e-04  1.80934698e-04
 -1.75504142e-03  4.44294211e-04 -1.11051784e-03  6.74036361e-04]"
14,"[ 9.79759657e-05  1.07813944e-02 -9.32911702e-04 -1.16334246e-03
 -8.68250391e-04 -2.72526640e-04  1.53634167e-03  6.04241155e-04
 -1.41549817e-03  9.80975420e-04 -2.06032850e-04  3.97922811e-04
  9.89864145e-05  3.58045725e-03  4.46406514e-03 -1.68639282e-04
 -7.20865919e-04  1.88677677e-03 -1.24122386e-03  2.17810409e-03
 -2.78203435e-03  9.75870293e-04 -1.51945250e-03  1.90515966e-03
  3.52186903e-03  4.89562801e-03 -1.85265098e-03 -6.04109083e-06
 -1.12818574e-03  1.09888462e-03  7.54706129e-03  3.57347418e-03
  4.25742606e-03 -7.38337396e-03 -7.74303738e-03  1.19689260e-04
 -2.48779514e-05 -4.93952489e-03  2.25299842e-03  5.69164511e-03
 -3.52838540e-04 -1.21211870e-03  1.46684480e-04 -5.52015875e-03
  6.80566535e-03 -2.91011974e-03 -3.85782200e-03 -6.85277010e-03
  5.03415728e-03 -2.54039853e-03  8.14022451e-03  5.10700372e-03
  1.34804468e-03  1.04750888e-02  6.79565705e-03  1.78752674e-03
  9.37556169e-03  1.04112085e-03  1.42470449e-02 -9.95293989e-03
  1.07000457e-02  5.57630899e-03  2.91699289e-04  1.41605276e-03
  1.11534260e-02 -5.32519641e-03  1.51127932e-02 -2.26926913e-02
  2.37973281e-02  1.20329151e-02  8.73816011e-03 -1.78458124e-02
  1.33272296e-03  1.13167512e-02  7.73959157e-03  7.34033163e-03
 -2.63797417e-03 -2.51934456e-02  1.72146122e-02 -7.68341409e-03
  8.81600825e-02 -4.93273965e-03  1.36369783e-02 -2.77085585e-02
 -6.77598712e-02 -5.99090351e-03 -1.62885281e-02 -3.13729913e-02
 -6.44256912e-02 -7.93998098e-03  3.03062156e-02  3.39763205e-02
  4.52369247e-02 -1.31047910e-02 -4.15002864e-02 -2.48522982e-02
 -5.28679350e-02  6.08175227e-02 -1.35876001e-02 -8.89850859e-02]"
15,"[ 3.63420609e-04  2.61683890e-02 -8.08486558e-04  1.14277412e-03
 -1.45223678e-03  3.03473504e-03  4.03155211e-03  2.25363831e-02
  2.68254930e-03 -3.06248351e-04  5.89363613e-03  1.65097254e-02
  8.64555244e-02  4.71963376e-02  1.59775150e-02 -5.52739035e-02
  1.84072019e-02 -2.58283952e-03  1.69360704e-02  1.65752985e-02
  5.88722670e-04  5.09495460e-03 -1.07772152e-02  9.43034297e-04
  8.02864902e-03  1.95627680e-02  9.12161120e-03 -2.00682571e-02
  6.30191149e-04  3.08042581e-03 -1.56033032e-03 -2.07501558e-02
 -2.16033153e-02  8.60316689e-03  1.49877075e-03  1.38041891e-03
 -2.18270134e-02 -1.69342704e-02  4.41484294e-02 -1.06074324e-02
  2.67933267e-03  2.18556534e-03  2.50888535e-03  1.85041466e-03
 -5.78123601e-04  3.61647341e-03 -1.99957129e-03 -1.99936341e-03
  4.28287181e-03 -1.14627309e-02  9.04875608e-03 -3.01536075e-06
 -7.89263427e-03  3.43983074e-03  6.94387671e-03 -1.01414578e-02
 -1.21373501e-03 -7.34197758e-03 -1.63512289e-02 -4.53674580e-04
 -6.56095408e-03  2.56433771e-02  1.01625846e-02 -5.69064585e-03
 -1.24919133e-02 -1.85496614e-02  3.62309933e-03  1.03652001e-02
 -1.31018560e-02 -1.76352891e-02  3.82926982e-02  2.23462080e-02
  3.52670161e-02  1.15701542e-02 -1.58858328e-02 -3.13952471e-02
  6.99822222e-03 -2.06719215e-02 -3.78813586e-03  1.17703699e-03
  7.43408797e-03 -2.25776197e-02 -2.48230190e-02 -1.12230477e-02
  4.32599043e-03 -2.51739225e-03 -1.32794757e-02 -4.16730247e-03
  2.99418108e-03  4.47859825e-02 -7.85707383e-03  2.62336417e-02
 -1.05422568e-02 -1.40008406e-03  1.26922729e-02  4.39230811e-03
 -1.41045954e-02 -5.27723779e-03 -9.75418244e-03 -2.28803885e-02]"
16,"[ 3.44552595e-04  3.03260667e-02 -2.66282203e-03 -6.36506038e-03
 -2.96736602e-03  8.86371535e-04  5.10833076e-03  2.27885147e-02
 -4.42860628e-03  1.38892736e-03  3.68234418e-03  1.89572050e-02
  3.47375408e-02  1.28790927e-02  1.09031736e-02  1.19361984e-02
 -1.30068041e-03  2.63024439e-02 -1.63227618e-02  3.90231682e-03
 -1.57454980e-02  2.58024937e-03 -2.71393676e-03  9.15813174e-04
  2.37543849e-03  9.55065395e-03  3.83521213e-03 -1.01157056e-02
 -1.32865057e-03  1.05846210e-02  6.78786758e-03  2.44973646e-02
 -6.47282925e-03 -2.66447436e-03 -5.13508849e-04 -8.71526801e-03
 -6.69722266e-03  1.72446748e-04 -4.59243862e-03 -1.94600034e-02
 -1.37299272e-02 -9.98674084e-04 -1.14307974e-02 -2.91393360e-02
  1.04670438e-02 -1.61331676e-02  1.96645923e-03  3.10160299e-03
 -5.26227823e-04  1.45614740e-02  1.48077182e-02  4.07929804e-05
  1.38277333e-02  8.03547247e-03 -4.86887161e-04  2.07610112e-02
  1.66172802e-02  1.91426609e-02  1.64974156e-02  1.31890140e-02
 -1.23025076e-02 -8.84224969e-04  1.73023914e-02  1.52041557e-02
  4.69529372e-03  4.77187683e-02  1.36543474e-02 -4.07439270e-02
 -7.25246236e-03 -2.11370856e-02  4.51062923e-02  9.88160365e-03
 -5.03718935e-03  4.51683699e-03 -4.41457563e-03 -9.26218618e-03
  6.84414409e-03  7.07387278e-03  5.99494582e-03 -1.68584640e-02
  1.15587995e-02 -2.41795607e-03  1.49803484e-02 -3.08707368e-02
 -1.98869188e-02  1.60243324e-02 -1.66364151e-02  2.98698349e-02
 -4.73097040e-03  3.04731314e-02  2.12601725e-02  6.50225342e-05
 -2.46359704e-02 -6.77145375e-02  1.49897426e-02  1.55962202e-02
  3.92545507e-02 -1.66537353e-02 -1.85047060e-02 -1.96110453e-02]"
17,"[ 0.00067044  0.0698794  -0.00612802 -0.01504796 -0.01214892  0.0017654
  0.00504391 -0.00073561 -0.00838585  0.13168696 -0.00053397  0.00913872
  0.01323822 -0.00550996 -0.01127177  0.0028622  -0.00577452  0.01316112
 -0.00347601  0.00504224 -0.01733361 -0.0070782   0.00361402 -0.0020411
  0.00395755  0.00449714 -0.01383624 -0.00315704 -0.01214708  0.03008497
  0.0101975   0.03101755 -0.00269794 -0.00535376 -0.00398637 -0.00353173
 -0.01891713  0.00708232  0.01309329 -0.05819793 -0.03249865 -0.00406028
 -0.02147776 -0.0301313  -0.03265164 -0.01438728  0.00524037 -0.00177401
 -0.01146064  0.02890596  0.05829964  0.00465001 -0.01357976  0.01792294
  0.01400028 -0.01561615  0.01044996  0.01746482  0.00601376 -0.00403555
 -0.0264574  -0.00945024 -0.03001856  0.04967399 -0.00118923 -0.01615187
 -0.01417771 -0.00230931 -0.0144272   0.00636198  0.12042175 -0.01340807
  0.00367609  0.01741576  0.04932236  0.04481764 -0.0354553   0.05058096
  0.01793232 -0.0273235  -0.00162386 -0.0088892  -0.01916266 -0.00310014
  0.02086183  0.00123856 -0.01165756  0.02973912 -0.00885892 -0.00482578
 -0.00028127  0.01303169  0.02342622  0.00091746 -0.00040373  0.00434748
 -0.01847282  0.00674815 -0.00164475 -0.02516242]"
18,"[ 0.00078877  0.07781806 -0.00651523 -0.01083119 -0.01325375  0.00070581
  0.00013493  0.00356449 -0.00052079 -0.00071015  0.00226552  0.00319923
  0.00495433  0.00269077  0.01401799  0.01700342 -0.01697584  0.03185146
 -0.03807672  0.00304658 -0.04464476 -0.00247901  0.03537908  0.0015776
  0.02209251  0.0679562   0.04488262  0.03456649  0.01847117  0.01445105
 -0.0023449   0.00286543 -0.00935469 -0.00734102 -0.00230712 -0.00764198
 -0.00177445 -0.00540838  0.00980541 -0.02147265 -0.00372226 -0.00116613
 -0.02633173 -0.018223   -0.01187541 -0.00257544  0.00240429 -0.0023034
 -0.01252475  0.01497744  0.02702456 -0.01078724 -0.00189386 -0.00029058
  0.00093043 -0.00615215  0.01078394  0.00466122 -0.00950132 -0.00854275
  0.00435328  0.00945731 -0.00060965  0.01332979  0.0053558   0.01500061
 -0.00448866  0.01185701  0.01284695 -0.02117397  0.00106693 -0.00468873
 -0.01205787  0.00796268 -0.0338612   0.02972877 -0.00905571  0.01923764
 -0.01356503 -0.01682837  0.01695201  0.00735407 -0.01718581 -0.02651782
 -0.03461923  0.00318186 -0.00728175 -0.01751162 -0.00130884 -0.00312819
  0.00932376  0.01189664  0.01730858 -0.00483477 -0.01873126 -0.01613935
 -0.00361433  0.0160985  -0.02731411 -0.02291352]"
20,"[ 8.14158071e-02  1.55990622e-01 -1.47118249e-02 -2.52203426e-02
 -2.16264283e-02 -1.06157467e-04  8.23378055e-02  3.84681970e-02
 -2.19908781e-02  7.78679030e-04  2.78032516e-03  1.52697979e-03
 -3.15026370e-03  2.65696515e-03  2.85317826e-02  1.26973167e-02
 -2.21312954e-02  4.31042532e-02 -6.31041994e-02 -4.31703380e-03
 -6.27491233e-02 -6.98747114e-03 -4.71472057e-03  3.70508299e-03
  2.37101577e-02  7.22951655e-02  2.91228586e-02 -1.88530180e-02
  4.68969351e-04  1.28900407e-02 -2.17787080e-02 -3.72416071e-02
 -4.93009531e-03 -1.52377000e-02 -1.04099663e-02  2.80328595e-02
 -1.77405913e-02 -2.50847960e-02  5.76649163e-02 -3.15215983e-02
 -1.27379671e-02 -3.79459737e-03 -3.98477421e-02 -9.55287196e-03
 -1.39453323e-02  2.34490856e-02  9.92368878e-04  9.85558841e-03
 -5.64160586e-03  5.03189412e-02 -3.06013993e-02 -7.84278699e-04
 -2.79621141e-02  1.72399942e-02  6.07302501e-02 -1.18139945e-03
  5.03257445e-02  6.57915850e-04  7.50254965e-03  1.07743691e-03
 -9.35634361e-03 -2.85710461e-02  9.73289220e-03 -6.87028757e-03
  2.70715017e-02 -1.30369723e-02 -1.62475101e-02 -5.90618109e-02
 -1.58224208e-02 -2.40780212e-02 -1.39994462e-02  1.12343050e-02
 -1.76252905e-02 -2.20112925e-02 -3.16509632e-03  3.37106582e-03
 -2.48339654e-02  5.82104978e-03  2.43328419e-02  3.67298265e-02
  1.25177589e-02  1.43519267e-02 -4.25228674e-03 -6.70835582e-04
 -6.24620095e-03  7.90630298e-03 -3.24141718e-03 -3.48666016e-02
  2.06314053e-02  1.76127234e-02  1.84616453e-02 -2.52236260e-02
  8.63360744e-03 -2.79200168e-02 -1.70388155e-02 -1.63933012e-02
 -3.97931691e-02 -2.23703163e-03 -8.47743849e-04 -1.43354153e-02]"
21,"[ 7.15214768e-04  7.75491109e-02 -6.38072848e-03 -9.61620138e-03
 -5.11200907e-03  1.06474749e-03  1.63322401e-02  1.00865991e-01
 -1.43326134e-02 -7.84912981e-04  4.76339326e-05 -2.01440002e-02
 -2.58509535e-02 -9.16371516e-03 -3.25579839e-03 -5.33407591e-04
  3.81845096e-03 -2.82580968e-02 -4.11947597e-02 -1.60688524e-02
 -6.52288519e-03 -9.52444827e-03  1.48321215e-02  4.14964875e-05
  3.76317529e-02  9.85837067e-02 -4.42359457e-03  5.82180914e-02
  2.34513125e-02 -1.26374460e-03  4.09655117e-02  2.29658178e-03
 -1.91356092e-03 -1.34698386e-02 -1.36990596e-02 -4.22330290e-02
  5.76042173e-03 -1.70267369e-02 -2.50208460e-03 -2.95753774e-02
 -4.09458020e-02 -1.85726349e-02 -4.50967335e-02  9.98280804e-02
  6.67799244e-02 -1.44282844e-02 -3.26103003e-03 -6.23259766e-03
 -6.18838615e-04 -3.13993912e-02  3.57494290e-02 -1.05005889e-02
  1.59503113e-02 -7.39749625e-02 -3.69367041e-02  1.89412969e-02
  5.73108458e-02 -2.82994034e-02 -2.66981394e-02  2.37195314e-03
 -1.63269226e-02 -1.72232485e-02 -2.17795970e-03 -2.06099020e-02
  4.21127482e-03  2.00391483e-03 -1.75847055e-02 -1.97695191e-02
  2.97404048e-03 -1.51550187e-02 -1.38917411e-02  7.67811716e-03
 -2.30656290e-02 -6.38508742e-03 -5.43312845e-03  6.15153703e-03
  5.59761523e-03 -8.74240487e-03  8.10754184e-03  1.30436273e-02
  1.40714756e-02 -3.00748475e-02 -1.31309742e-02 -6.31460077e-04
  1.35284266e-02 -1.69455506e-02 -3.05097765e-02  4.56205308e-02
 -1.94715038e-02 -3.95854953e-03  2.55175233e-03 -1.99160284e-02
 -4.23292551e-02 -1.82998140e-02  8.78268330e-03  2.58490139e-02
 -4.09430001e-02  1.66481698e-02  9.13318503e-03  2.23331350e-02]"
22,"[ 5.77611491e-04  7.08457143e-02 -6.45150835e-03 -1.33311770e-02
 -1.13028978e-02 -4.61864083e-05 -1.39875904e-03 -6.29291863e-03
 -1.94342017e-02  1.18233655e-03  2.20541561e-03 -1.46597237e-02
 -3.40982829e-02  1.65194781e-03  2.97595615e-02 -2.43187927e-02
  1.57483187e-02 -2.08368920e-02 -2.97140628e-02  1.04214764e-03
 -1.05336990e-02 -9.07443086e-03  6.62695638e-03  3.20415867e-03
  2.11782114e-02  3.73978665e-02 -1.07530565e-02 -4.84239952e-02
 -2.93165176e-03 -5.12275608e-02  8.29671295e-02  4.39778896e-02
 -1.78155289e-02 -4.09418134e-02 -1.33334552e-02 -9.13926007e-02
 -4.02049919e-03 -4.12849186e-02 -1.32285676e-04 -5.08319354e-02
  1.91591503e-03 -1.22516678e-03  3.97849278e-03 -5.65739120e-02
 -5.44129031e-02 -3.95917188e-02  5.45531015e-02  7.17073133e-03
  2.36547949e-02 -2.15512033e-01  1.18385061e-01 -9.18845337e-02
  1.70816243e-01 -4.95132051e-01 -3.14288334e-01  1.43489774e-01
  4.98184679e-01 -2.68251214e-01 -1.22600191e-01 -2.71664487e-02
 -1.40441536e-01 -5.61711095e-03 -8.76299091e-02  5.17039436e-04
 -6.61225925e-02 -2.86928145e-02 -1.81362173e-02 -4.93961626e-02
 -1.64184221e-01  9.24174256e-02 -8.44545505e-02  2.75114012e-02
  4.81194353e-02  4.94827590e-02  7.48452715e-02 -5.09684984e-04
 -6.75725385e-02  3.16935299e-02  1.35249152e-02  3.66065441e-02
 -3.45481707e-02  2.97542886e-03  3.41831785e-02 -4.39447013e-03
  3.59230397e-02  8.93924490e-03  3.07040391e-02 -1.89897860e-02
  1.55500328e-04  2.29011488e-02 -2.99470152e-02  3.95978342e-02
  1.50061831e-02  1.84207070e-02  1.79165582e-02 -1.75153676e-02
 -8.77474525e-03 -3.16161375e-02  2.72123924e-02  1.07464801e-02]"
23,"[ 5.00077217e-04  3.66664244e-02 -2.01831494e-03 -7.80098688e-03
  3.60764876e-04  3.71797949e-03  2.19832181e-02  1.35886608e-01
 -4.60656337e-03 -2.01154501e-03  4.35537278e-04 -1.48019803e-02
 -1.24842738e-02 -1.82864349e-02 -2.40626093e-02  1.42368024e-02
 -6.85355977e-03 -2.21628558e-02 -1.89538837e-02 -1.51642217e-02
 -1.76466312e-03 -5.73634881e-03  1.98392427e-03 -4.04051525e-03
 -2.92161588e-03  1.14977722e-03 -4.71850062e-03 -5.91329902e-03
 -1.48495397e-03 -1.60738126e-03  8.68901398e-04 -1.11227707e-02
  2.95889944e-03 -2.39943526e-03 -5.04357169e-03 -5.38972333e-04
 -1.30940437e-03 -5.09151823e-03  1.14478449e-02 -6.48510831e-04
  8.36718671e-04 -9.57142175e-04  7.23117708e-05  8.64075421e-03
 -9.86478501e-03  1.14881799e-02 -1.00380817e-03  7.40666930e-04
  3.76958942e-03 -1.80268273e-03 -1.03560372e-02  3.51980695e-03
 -9.50985927e-03 -8.55951877e-04  1.29049841e-02 -9.48572743e-03
  1.11373285e-02 -1.50302446e-02  5.52048642e-03 -8.18473049e-03
 -7.15469394e-03  1.18067988e-03 -1.74913472e-03  1.85891171e-02
  1.72483280e-02  1.83969656e-03 -1.41514474e-02 -1.81215107e-02
  8.56636694e-03 -1.87199589e-02 -6.58764884e-03  1.09015796e-03
 -2.69434150e-02 -1.07936248e-02  8.09901632e-03  3.72002504e-03
 -1.69612430e-02  1.06706482e-02  3.86245519e-02  1.09389912e-02
 -1.59877395e-02  8.88711309e-03 -6.45621022e-04  4.89716227e-03
  7.23099881e-03  5.83152439e-04 -3.80871899e-03  1.29982317e-02
  8.01581249e-04 -1.49072201e-02 -4.72338926e-03 -2.36105521e-02
 -6.61444959e-03  2.55603370e-02 -1.73870625e-02 -1.09872213e-02
  9.53806645e-04  9.91331769e-03  1.25313865e-02 -1.31788780e-02]"
24,"[ 0.00126442  0.12960811 -0.01095968 -0.02112656 -0.01577329  0.00328008
  0.02089612  0.13043041 -0.02005442 -0.00229013  0.0032386  -0.01341324
  0.04645487  0.01660339 -0.01277927 -0.0395565   0.01740282 -0.0468684
 -0.0413531  -0.01478912 -0.0153853  -0.0052551   0.00165214 -0.00521918
  0.00334665  0.02119781  0.00768242 -0.02233197 -0.00187844 -0.02327366
  0.01619013 -0.0087253   0.01044577 -0.02513759 -0.00758272 -0.02515078
  0.0135848  -0.01948592 -0.00850899  0.00188808  0.00318912  0.00057561
 -0.0143069   0.01354311 -0.03443736  0.02645312  0.00643279  0.00378798
  0.00518579 -0.05969964 -0.00938634 -0.01003013  0.01191778 -0.06217668
 -0.03269149  0.00430256 -0.00472923 -0.02673821 -0.0022233   0.00829945
 -0.00071242 -0.00190278 -0.01432209 -0.00521921 -0.02080961 -0.01423767
  0.01407232  0.03526586 -0.01145802  0.00591814  0.01785465 -0.00291704
  0.01222035  0.00122953  0.00129056  0.00512693  0.01166538 -0.02255825
 -0.02089857  0.00645798  0.00331921 -0.01069303 -0.00181536  0.0148088
 -0.02136534 -0.00230834  0.00035092  0.00086479  0.01441952 -0.0140728
 -0.00976733  0.0031039  -0.00202544 -0.00199487 -0.01059277  0.0043603
 -0.00031496  0.00901459 -0.02664808 -0.01241342]"
25,"[ 1.61539180e-03  1.27017003e-01 -9.96357909e-03 -1.36791386e-02
 -1.73588489e-02  7.35878293e-05  1.61051996e-03  1.73298158e-02
  1.79399520e-02 -3.11254498e-03 -6.75912400e-03  1.04219223e-02
  1.43043763e-01  5.96913188e-02 -7.00937752e-03 -5.13829609e-02
  1.88276554e-02 -1.37994810e-02  2.85202490e-02  1.91760592e-02
  3.83843695e-02  4.90296521e-02  3.49031685e-02  2.95370781e-04
  3.05432801e-02  8.85871169e-02  6.93238811e-02 -6.66858289e-02
  4.30529669e-03 -1.89309431e-02 -4.96729625e-03 -3.32487308e-02
 -3.17245737e-03 -2.25777483e-02 -7.40769698e-03 -1.16378345e-02
  1.55651332e-02 -3.88581851e-02  1.54071382e-02  7.46246758e-03
  1.09131939e-02  2.30192583e-03 -3.80510714e-02  7.21100332e-03
 -2.43051314e-02  3.85629978e-02 -1.04088386e-03  1.43131001e-02
 -1.48293557e-05 -4.96095647e-02 -2.93634886e-02 -1.00182412e-02
  1.21054440e-02  4.94367424e-04 -6.60417372e-03  8.20055756e-03
 -2.54661849e-02 -6.12497280e-02  3.29976076e-02 -6.36108195e-02
  5.03382196e-02  3.81952913e-02  7.84394961e-02  1.30413950e-01
 -5.82992310e-02 -1.43246127e-02  2.05674603e-02  2.09607175e-02
 -1.10404584e-02 -4.76519691e-03  2.36469187e-02 -5.07204022e-03
 -2.49746244e-02 -5.01284194e-03 -6.65847529e-02  5.55933649e-02
 -3.97548351e-03  1.07839747e-02  4.10975602e-02 -8.68153792e-03
 -3.73185892e-03 -8.39210647e-03 -2.70147086e-02 -2.17589294e-02
 -3.60756790e-02 -2.17096759e-02  2.80114893e-03 -3.58744865e-02
  4.23695660e-02  1.21088445e-02 -6.07724535e-02 -6.47909545e-02
  2.25430020e-02  3.21424344e-03 -5.56333749e-02  6.36938814e-02
 -1.29923169e-02 -3.59660426e-02  7.27298085e-03 -2.27867360e-02]"
26,"[ 2.39833785e-05  1.64379442e-03 -1.34318466e-04 -5.74298884e-05
  1.88629911e-04 -7.95087580e-05  4.51008903e-04  1.43150371e-03
 -7.42460496e-05  2.25899915e-04 -1.96840907e-04  3.61014905e-04
 -5.84031064e-05  1.28459263e-03  3.33512818e-03 -3.74525400e-04
 -4.05045580e-04  2.67465861e-03  3.26514791e-04  1.96037758e-03
 -2.74661172e-03  1.40376523e-03 -8.71621197e-04  3.24462192e-04
  4.14642386e-04  1.45090523e-03 -1.12665280e-04 -1.10369631e-03
  3.39329614e-04  2.21637632e-04  1.44950718e-03 -3.60175589e-04
 -3.59478143e-04 -1.89065316e-04 -4.65227074e-04 -4.01556704e-04
  3.69922529e-04 -5.58901128e-04  5.55821023e-05 -6.10444692e-04
 -1.90785367e-04 -2.54805103e-05 -1.93197025e-04 -3.16088319e-04
 -6.18276400e-04  9.86875231e-05 -1.83146726e-04  3.29488030e-04
  5.26803041e-04 -5.04544035e-04  4.67387264e-05 -3.32398704e-04
  3.88161935e-04 -2.86827846e-05  1.58929738e-04  7.11099472e-04
  2.85020266e-04 -2.33012764e-04  1.10496317e-04 -6.67913303e-04
  1.03858035e-04  1.15926417e-04  1.87930980e-04  2.24194692e-04
 -8.17555441e-05 -3.46453799e-04 -4.82234196e-05 -2.39762190e-04
 -2.82381464e-04 -1.73163127e-04  6.75084933e-04  5.07699023e-04
  1.45911619e-04 -3.55405554e-04 -4.67134359e-04  6.13843997e-04
  2.85217496e-04 -5.52627003e-04 -1.71555604e-04 -4.37685936e-04
  2.98147247e-04 -3.55964754e-04 -4.75855651e-04 -6.49672982e-04
 -9.45024619e-04 -4.22601819e-04  5.06945604e-04  3.10066933e-04
  3.14419382e-04  1.05252435e-03 -1.76992405e-04  6.56158241e-05
 -1.30537147e-04 -3.55686979e-04 -7.81067451e-04  5.55593445e-04
 -2.99394137e-05 -1.45190572e-04 -5.95002558e-04  2.89395033e-04]"
30,"[ 5.77611491e-04  7.08457143e-02 -6.45150835e-03 -1.33311770e-02
 -1.13028978e-02 -4.61864083e-05 -1.39875904e-03 -6.29291863e-03
 -1.94342017e-02  1.18233655e-03  2.20541561e-03 -1.46597237e-02
 -3.40982829e-02  1.65194781e-03  2.97595615e-02 -2.43187927e-02
  1.57483187e-02 -2.08368920e-02 -2.97140628e-02  1.04214764e-03
 -1.05336990e-02 -9.07443086e-03  6.62695638e-03  3.20415867e-03
  2.11782114e-02  3.73978665e-02 -1.07530565e-02 -4.84239952e-02
 -2.93165176e-03 -5.12275608e-02  8.29671295e-02  4.39778896e-02
 -1.78155289e-02 -4.09418134e-02 -1.33334552e-02 -9.13926007e-02
 -4.02049919e-03 -4.12849186e-02 -1.32285676e-04 -5.08319354e-02
  1.91591503e-03 -1.22516678e-03  3.97849278e-03 -5.65739120e-02
 -5.44129031e-02 -3.95917188e-02  5.45531015e-02  7.17073133e-03
  2.36547949e-02 -2.15512033e-01  1.18385061e-01 -9.18845337e-02
  1.70816243e-01 -4.95132051e-01 -3.14288334e-01  1.43489774e-01
  4.98184679e-01 -2.68251214e-01 -1.22600191e-01 -2.71664487e-02
 -1.40441536e-01 -5.61711095e-03 -8.76299091e-02  5.17039436e-04
 -6.61225925e-02 -2.86928145e-02 -1.81362173e-02 -4.93961626e-02
 -1.64184221e-01  9.24174256e-02 -8.44545505e-02  2.75114012e-02
  4.81194353e-02  4.94827590e-02  7.48452715e-02 -5.09684984e-04
 -6.75725385e-02  3.16935299e-02  1.35249152e-02  3.66065441e-02
 -3.45481707e-02  2.97542886e-03  3.41831785e-02 -4.39447013e-03
  3.59230397e-02  8.93924490e-03  3.07040391e-02 -1.89897860e-02
  1.55500328e-04  2.29011488e-02 -2.99470152e-02  3.95978342e-02
  1.50061831e-02  1.84207070e-02  1.79165582e-02 -1.75153676e-02
 -8.77474525e-03 -3.16161375e-02  2.72123924e-02  1.07464801e-02]"
31,"[ 4.68951188e-04  3.59927359e-02 -3.14129732e-03 -5.42692292e-03
 -4.27201751e-03  2.45214431e-04  5.48149661e-03  3.40270100e-02
 -7.67771777e-03 -5.35370659e-04  3.57958036e-04  2.35530202e-02
  1.39683134e-01  8.06788377e-02  2.25901469e-02 -1.19046397e-01
  4.39881197e-02 -1.95398099e-02  2.64191377e-02  2.43967919e-02
  2.89706785e-03  9.56994701e-03 -4.91477560e-03 -1.77189051e-03
  1.23561649e-02  2.86116614e-02  2.35373123e-02 -2.01943757e-02
  1.51236556e-03 -7.09018809e-03 -2.01440873e-03 -1.39084249e-02
  2.98497967e-04 -8.37819683e-03  6.06080388e-04 -3.67376805e-03
  3.58084350e-03 -1.50403371e-02 -8.57589101e-04  1.16335984e-02
  7.88820732e-03  2.71596949e-03 -5.89781987e-03  7.88657414e-03
 -1.13008259e-02  1.63062643e-02 -3.49747357e-03 -4.10693115e-03
  3.39846077e-03 -1.65487773e-02 -8.79683578e-03  6.12669776e-04
 -8.08604201e-03 -5.66368297e-03  2.85328304e-03 -1.41242887e-02
 -1.27087582e-02 -2.53393161e-02 -1.69955167e-02  4.32208525e-03
  8.13766058e-03  8.21962437e-03  8.17835191e-03 -1.15397727e-02
  5.46032598e-03 -1.73502424e-02  1.83409277e-04  2.93265267e-03
 -1.14482956e-02  4.40311958e-03  2.36091933e-02  1.60676964e-02
  8.31423874e-03 -1.57108493e-02 -7.23483705e-03  1.13843581e-02
  2.00915694e-03 -1.45310257e-02 -5.85954926e-03  2.18545975e-02
  9.99808547e-03 -1.22965235e-04  1.39397534e-03 -2.48902044e-02
 -1.88466146e-02 -1.90453534e-02  6.11547183e-03 -5.22579629e-04
  2.23421326e-02  1.93715837e-02 -1.30266501e-02  2.74602783e-03
  6.93900011e-03 -7.54449558e-04 -5.56197588e-03  2.88531674e-02
 -3.22775460e-03 -1.06485683e-02 -1.23434895e-02 -3.06734918e-02]"
32,"[ 3.67020954e-04  3.77293247e-02 -3.18929274e-03 -4.40722615e-03
 -5.32236288e-03 -3.28547270e-04  1.10348935e-03 -1.56097605e-03
 -5.71205652e-03  1.86894680e-03 -5.20421206e-04 -5.50768660e-03
 -1.05189252e-02  9.81274731e-03  1.65675067e-02 -6.63067733e-03
  3.90702141e-03 -1.10720529e-02 -9.27719528e-03 -1.53473023e-03
 -1.81655090e-03 -1.81507204e-03  3.58970233e-04  1.92880356e-03
  4.66245252e-03  9.05333139e-03 -2.96102269e-03 -1.74160776e-02
 -2.15510069e-03  5.29986515e-04  6.78319940e-03 -5.36527042e-03
 -5.01116963e-03 -4.04189375e-03 -5.19643696e-03 -7.76509277e-03
  1.00607097e-02  5.41242013e-03 -1.29982277e-03 -2.65885628e-03
 -2.01504590e-03  4.04368638e-04 -6.54628015e-03 -8.67107742e-04
 -8.12056834e-03  7.70050975e-04  3.46807030e-03  4.26971981e-04
 -1.42513650e-03 -3.26662430e-03 -4.46043429e-03  1.42154034e-05
 -4.57932242e-03 -5.37264226e-03  8.35673384e-03  9.69555937e-04
 -1.12533047e-03  1.27030983e-03 -4.04467448e-03  3.21649382e-03
  7.81587804e-03  3.40999088e-03  9.20208695e-03 -5.08925401e-03
  7.90708000e-03  2.46841708e-03  1.51737034e-03 -4.28729513e-03
  1.90673383e-03 -7.10732274e-04 -1.06257995e-04 -7.44514645e-04
 -5.13101197e-03 -7.16447470e-03 -1.01139284e-02 -1.54313511e-03
  1.08142802e-02 -6.30478068e-03  3.74709809e-03  1.74430861e-03
  9.73899301e-03  3.57497096e-03 -7.71436860e-04 -5.08848694e-04
 -1.12674081e-02  1.40175406e-03  3.48037699e-04 -2.82412928e-03
  1.52600919e-03  5.33275863e-03  1.03246682e-02  1.51973690e-03
  1.04374190e-02 -7.83950130e-03  2.98468358e-03  8.34102707e-04
 -3.98637232e-03  7.50272655e-03  1.72263884e-03  3.68684942e-03]"
33,"[ 0.00052037  0.05802028 -0.00465027 -0.00389697 -0.00645135 -0.00116064
 -0.00042466 -0.00406512 -0.00717526  0.00143831  0.0011478  -0.00831952
 -0.01265061  0.00537211  0.01837788  0.00057992  0.0041257  -0.01434036
 -0.02111245 -0.00687842  0.00145326 -0.00778585  0.00355433  0.00257313
  0.02073883  0.05058725  0.0081386  -0.01365814 -0.00204834  0.01505194
  0.00949727  0.00204168 -0.00658459 -0.01121471 -0.0042405  -0.00422308
  0.01193211 -0.00745272  0.00174002 -0.00396655 -0.01293103 -0.00176552
 -0.01779836 -0.00271729 -0.01849453  0.00664343 -0.00036385 -0.00210313
  0.005419    0.00759619 -0.00476036 -0.00553697 -0.00198652 -0.0143535
 -0.00593923 -0.00920497  0.0176634   0.00268921 -0.01821128 -0.00577667
  0.0073739   0.02282695  0.01277409 -0.00306282 -0.01003308  0.01808677
 -0.00476443  0.01954637  0.00559157 -0.02245285  0.0434672  -0.00259926
 -0.00882934 -0.04191556 -0.028716    0.00521941  0.01654611 -0.01396107
  0.00230079 -0.01669791  0.04119371  0.00207622  0.024858    0.0168841
 -0.00026262 -0.07071999 -0.02269391  0.05845936 -0.03010084 -0.03054521
 -0.01894552  0.04512969  0.04794141 -0.01685293 -0.01451127  0.02215252
 -0.01822282  0.01373177  0.07723837  0.0518258 ]"
34,"[ 5.75040701e-06  4.98424340e-04 -4.32989257e-05 -6.08470809e-05
 -7.48156464e-05 -8.20623093e-06 -1.05250975e-05  8.38898867e-06
 -6.35699035e-05 -9.62230519e-06  2.53946116e-05 -5.17085524e-05
 -1.54674408e-04  1.16582315e-04  2.93903528e-04 -1.37108672e-04
  3.85889299e-05 -3.61749316e-05 -2.29942215e-04 -4.75545805e-05
 -6.27379396e-05 -9.00879227e-06  6.45661475e-06  1.27744136e-05
  1.12494155e-04  3.61597924e-04  7.21651198e-05 -2.56567537e-04
 -7.62111654e-05 -3.71048560e-06  1.73602852e-04  5.66939360e-05
 -2.02986586e-05 -2.45571835e-04 -4.88752598e-05 -3.50928088e-04
  8.21190859e-05 -2.54124565e-04 -3.47680886e-05 -2.73201689e-04
 -1.40760134e-04 -1.30325414e-05 -4.50530328e-04 -1.62913065e-04
 -3.89991195e-04  1.17324433e-04  7.48076496e-05 -4.49385259e-05
 -6.77269892e-06 -2.74230479e-04  1.34415577e-05 -7.77121656e-05
 -2.74645237e-05 -1.66584752e-04 -4.66908015e-05  9.71019689e-06
 -3.01613013e-05  8.81941026e-05 -1.54568846e-04  1.39596723e-05
 -2.18268124e-06  8.41528676e-05  1.39527609e-04 -5.83539916e-05
  3.02561685e-04  5.60544730e-05 -5.65503669e-05  2.52844254e-06
 -1.24867112e-04 -1.62215500e-04  1.44442429e-04  1.47558423e-04
  1.18338201e-05 -1.61804841e-04 -2.04115598e-05  1.80393385e-04
  7.98553156e-05 -5.64135192e-05 -8.96147380e-06  1.55490045e-04
  9.39563296e-05  1.46663379e-05 -1.26611344e-04  1.15966488e-04
 -1.48512559e-04  2.20323409e-04 -7.43774423e-05 -1.60849838e-04
  3.49192456e-05 -7.11501112e-05 -6.92465460e-05  2.71832985e-05
 -1.03498043e-04 -1.28143283e-04 -1.23848286e-04 -1.12674210e-04
  7.15607381e-05  1.48843535e-04 -1.52444971e-04 -7.33712383e-05]"
35,"[ 1.30564508e-04  1.48494113e-02 -1.39132328e-03 -3.30890131e-03
 -3.18606160e-03  1.73352786e-04 -5.28547121e-04 -2.46539222e-03
 -3.85695064e-03 -1.88948705e-04  3.79417206e-04 -1.73131460e-03
 -3.97564848e-03 -1.19147767e-03  3.72851480e-03 -4.67893750e-03
  1.97063640e-03 -1.46447115e-03 -2.69875879e-03  7.93622650e-04
 -3.32090805e-03 -8.81177253e-04  7.03387683e-05  2.61498583e-04
  2.48710553e-04  5.69125333e-04 -4.48752124e-04 -1.84707889e-03
 -3.02731151e-05 -1.15555277e-03  2.68418135e-03  2.46584059e-03
 -4.73009463e-04 -2.33308692e-03 -2.88450453e-04 -4.38927619e-03
  9.22003088e-04 -2.15144064e-03  1.47638140e-04 -1.64600235e-03
 -2.79605348e-04 -4.19552328e-04 -1.66009059e-03 -1.77829951e-03
 -2.37714684e-04  8.66600836e-04  2.52394684e-04 -3.59074450e-05
  6.48719193e-04 -2.60599211e-03  2.65774570e-03 -8.33244517e-04
 -6.15003496e-04 -4.88944072e-03  2.91613670e-04  4.11777330e-04
  7.55884233e-04  1.47357722e-03 -5.30990989e-04  6.59761684e-04
  4.01069550e-04 -5.98039401e-04  1.63551432e-03 -2.54156829e-03
  1.29897030e-03  5.07811588e-03 -1.90110702e-04  1.26901501e-03
  2.77999362e-03 -3.61414876e-03  2.58551702e-03 -8.52944408e-04
 -3.19409456e-03 -2.61361709e-03 -1.83024542e-03 -7.27133479e-04
  2.38888265e-03 -2.04988868e-03 -3.19551388e-03 -1.18821497e-03
  1.89461115e-03 -6.94004789e-04 -3.64080228e-04  1.34475198e-03
  9.25428710e-04 -1.61582798e-03 -1.70756813e-04 -1.12855348e-03
 -1.78559636e-03 -4.33788209e-03 -6.36748652e-04 -7.55534643e-04
  2.57925118e-06 -1.26492103e-04 -2.45677399e-03 -2.66981873e-03
 -1.83449215e-03  1.31143600e-03 -1.71208631e-03 -3.36475562e-04]"
37,"[ 3.49751909e-04  3.68281603e-02 -2.94272000e-03 -4.07111429e-03
 -4.16330162e-03 -7.98067515e-06 -7.41346180e-04 -4.41484722e-03
 -5.47149064e-03 -1.76057927e-04 -1.02054173e-03 -6.70475165e-03
 -1.25501071e-02 -2.64487604e-04  1.56444332e-02 -9.85194722e-03
  7.44539483e-03 -8.67124459e-03 -1.29799817e-02 -6.59666085e-04
 -4.60601180e-03 -3.85061504e-03 -9.79687377e-05  2.09583783e-03
  6.83247275e-03  1.56549421e-02 -5.73786610e-03 -1.51747847e-02
 -3.97337725e-03  1.07034129e-03  1.80417027e-02  5.04842624e-03
 -3.00077649e-03 -1.17449439e-02 -3.24935524e-03 -1.68094238e-02
  3.37602858e-03 -1.22386760e-02  1.47680097e-03  5.38144320e-04
 -8.64012126e-03 -1.90447285e-03 -8.28139963e-03 -5.92011627e-04
 -1.21733526e-02  3.33439186e-03  1.86773310e-03 -1.89401296e-03
  1.00920927e-02 -1.01402887e-02 -5.05096659e-03 -1.98433652e-03
 -1.72412497e-04 -2.27185374e-02 -3.24872349e-04 -1.89406655e-03
  1.12112046e-02  9.15122537e-03 -9.58095307e-03  6.26297493e-03
  8.24505369e-03  1.67859435e-02  1.13942109e-02 -5.33575375e-03
  1.14121580e-03  1.40502766e-02 -1.34426218e-02  8.06523016e-03
  1.05751404e-02 -2.61556208e-02  3.56842495e-02  6.34514033e-03
 -1.66940481e-02 -4.25095653e-02 -2.04492623e-02 -1.30137207e-02
  4.72310723e-03 -1.78322575e-02  1.27022229e-03 -1.81068211e-02
  3.86058742e-02  1.47169108e-03 -2.95206030e-03  6.25839016e-03
 -2.02213996e-03 -5.96341504e-02 -2.60314525e-02  4.15617143e-02
 -4.05351722e-02 -1.99688537e-02 -3.85013704e-02  2.82625919e-02
  5.83731238e-02 -2.89809224e-02 -1.74588709e-03  1.87098439e-02
 -2.87253764e-02  7.80420345e-03  8.09015136e-02  5.80105046e-02]"
38,"[ 3.38211833e-04  3.23283106e-02 -3.03553581e-03 -7.27702294e-03
 -4.81630964e-03  9.34280521e-04  6.76054930e-03  4.26662582e-02
 -8.38727359e-03 -1.44655735e-03 -2.76522788e-03 -5.08789107e-03
 -9.22086970e-03 -5.86526291e-03  1.03972794e-01 -4.61577322e-03
 -4.79729082e-02  1.77303172e-01  2.24561218e-03  6.13646668e-02
 -1.26021943e-01  2.05527124e-02 -2.43795694e-02  1.35315045e-02
 -8.28759070e-03  1.62202537e-02  3.29886784e-02 -1.01478967e-02
  9.81602939e-03 -1.14777196e-02 -1.83321837e-02 -1.97942582e-02
  2.12453653e-03  1.45047129e-03  1.02293489e-03  1.34555583e-02
  7.34154227e-03  6.93926097e-04 -2.66162476e-03  1.05261438e-02
  1.18038990e-02  1.96477978e-03 -5.57250353e-03  6.39900843e-03
  3.88940028e-04 -2.40760465e-03 -1.19858270e-03  1.07994033e-03
 -5.32000819e-03 -2.59578555e-03 -8.85864012e-03 -1.55592557e-02
 -7.10018350e-04 -6.52034378e-03 -3.54859372e-03 -3.51972973e-03
 -6.81093509e-03  2.80920040e-03 -1.02056118e-03 -3.70983906e-04
  6.83973837e-03  1.47269276e-03 -7.42294454e-04 -6.76021260e-03
 -5.15254208e-03  1.03558373e-04 -1.07094706e-03  4.96076138e-03
 -3.27168284e-03  4.43726846e-03 -1.18583987e-02  1.85582468e-03
 -1.69719438e-03 -4.49722774e-03 -2.53242963e-03  5.33474428e-03
  2.46531352e-04 -3.83788303e-03 -4.62264703e-04  5.13759787e-05
  3.22556878e-04  3.05998321e-03 -1.93442787e-03  1.53725259e-03
  6.64916716e-03 -2.84276887e-03 -9.48989478e-04 -2.40897009e-03
 -7.85105597e-04 -6.75348895e-03  1.03669496e-03 -4.96657846e-03
  1.53453933e-03  6.81318306e-03 -2.61123241e-04 -2.72622267e-03
 -8.27955977e-03 -1.24314766e-03  4.11729555e-03  1.11868863e-03]"
40,"[ 3.56706687e-04  5.66215954e-02 -6.34034735e-03 -9.59893941e-02
  2.50409120e-01  4.71970728e-04 -1.77465407e-02 -1.54877261e-02
 -2.37929274e-03 -3.31852194e-03 -1.30390806e-03 -7.83565012e-03
 -9.54307968e-03 -2.29292319e-03  8.19903692e-03 -1.22901647e-02
  4.51207485e-03 -3.33578157e-03 -1.14054204e-03 -1.83115624e-03
 -1.81402172e-03 -3.62611827e-03 -3.07812860e-03 -6.06800474e-04
  2.16416063e-03  4.51158410e-03  3.42038095e-03 -8.92106095e-03
 -9.12510343e-04  4.31705520e-03  2.75909370e-03  1.70887707e-03
  3.17097636e-03 -5.99276759e-03  5.08130899e-03 -9.06709455e-03
  1.74537242e-03 -5.87986399e-03  6.64570611e-03 -1.01258890e-02
 -6.01029601e-03 -6.80456107e-04 -6.06571331e-03  4.23525481e-04
 -7.06300513e-03  7.53018348e-04  3.80946045e-03 -1.09306514e-03
  4.43652352e-03  9.39971104e-05 -5.54842611e-03  4.99616514e-03
 -3.17261957e-03 -7.61569289e-03  1.11739666e-02  1.26045015e-03
 -5.29776523e-03  9.34369563e-03  4.70886078e-03 -5.63359973e-03
  3.12467533e-04 -8.28303760e-03  6.20494985e-03  1.45963405e-03
  1.14177958e-02 -1.61739931e-03 -3.21281277e-03  2.02419501e-03
 -1.12164722e-03 -2.07400648e-03  1.13033772e-03  3.96349477e-03
 -3.62412170e-03 -1.07265432e-02 -1.34573275e-02  7.06557442e-03
 -4.39918546e-03 -7.31843256e-03  1.92514722e-02 -6.34123893e-03
 -2.29759380e-02  8.76934535e-04 -1.33630837e-03 -1.25800994e-02
 -1.32873197e-02 -2.10735834e-02 -1.84088951e-02 -1.06527726e-02
  2.06337810e-02  1.68435810e-02 -6.84346368e-03 -1.05249801e-02
  3.79399366e-03  1.40091617e-03  2.18823637e-02 -3.82832453e-03
  1.28861495e-02  1.20099025e-02 -2.88068954e-02 -1.27824408e-02]"
41,"[ 3.60312479e-06  4.04583261e-04 -3.85932062e-05 -8.11605860e-05
 -2.67937039e-05 -7.95269592e-06 -1.42260990e-05 -1.03631551e-05
 -1.30580804e-04  7.06199994e-06  1.31542956e-05 -5.31448040e-05
 -3.12724730e-05  3.15540132e-05  2.03481716e-04 -5.90813211e-05
  1.26912574e-05  2.81557161e-05 -2.06622281e-04  5.63007665e-05
 -2.02016507e-04 -1.69287774e-05  3.71331321e-05  1.64928145e-05
  1.36443517e-04  3.84851234e-04  1.26790808e-05  1.01282299e-04
  7.12735067e-05  2.90681704e-05  2.49010866e-04  4.94006022e-05
  1.02327558e-04  2.13898143e-05 -3.44069455e-05 -2.11075176e-04
 -8.58711293e-05 -9.15385310e-05  8.28552530e-05 -5.33112142e-05
  2.29334782e-05 -1.28444731e-05  3.97997709e-05 -9.62833022e-06
 -1.26345228e-05 -4.29279315e-05 -2.88009066e-05 -2.00581647e-05
  2.93431971e-05  2.17786184e-05  1.07296578e-04 -2.17708208e-05
 -3.30762105e-05 -1.07636485e-04 -5.02709197e-06 -1.59573061e-05
  1.17231354e-04 -6.48243144e-05 -2.72080164e-05 -9.57309102e-05
  7.70755837e-05 -3.86669162e-05  4.16138903e-06  1.49301070e-05
 -2.65899545e-05  2.05572201e-04  1.53116786e-04  2.56899396e-04
  5.98823256e-05 -2.66257912e-04  2.32895793e-04 -5.52900045e-05
 -1.14543380e-07  3.79242988e-05 -2.71502963e-04  6.46378087e-05
  5.05603743e-05 -9.95539310e-05  4.66464333e-05 -1.32520899e-04
  2.39414661e-05  2.09971594e-04 -1.03040250e-04  5.78992367e-05
 -1.36757450e-04 -9.14815071e-05 -2.18072461e-04  8.07730243e-05
  8.57350715e-05 -1.73939040e-04  9.84695454e-06 -5.89190019e-05
 -8.17214338e-05 -1.01365927e-05 -1.18362898e-04 -1.87904732e-05
  1.00137063e-04  4.83731290e-05 -6.08424072e-05 -6.09665136e-05]"
42,"[ 2.45726663e-04  2.77363046e-02 -1.96397023e-03  3.73018227e-03
 -1.29964413e-03 -2.38089045e-03 -4.35506020e-04 -2.88749376e-03
 -6.75117901e-03  1.35785758e-04 -9.81724368e-04 -7.21867549e-03
 -6.69767549e-03  4.16099212e-03  5.72172695e-03  3.19883803e-03
  1.21897790e-03 -9.18958336e-03 -3.29676126e-02 -1.26179267e-02
 -5.38348644e-03 -8.40136991e-03  2.41769436e-02  7.39076026e-04
  5.81683108e-02  1.65654095e-01  2.30029467e-02  1.66675870e-01
  4.48418254e-02  3.58512628e-03  1.63356833e-03 -7.13658416e-03
 -1.51616796e-02  1.17262248e-02  1.08931219e-02 -7.41906539e-03
  7.03094460e-03  1.22437071e-02  1.32803849e-02  4.60878022e-03
  1.55040179e-03  2.51512562e-03  1.70822894e-03 -3.94862454e-04
  2.57759247e-03  4.90698531e-03 -8.43602888e-04  8.30095855e-04
 -7.49443782e-03 -2.02983225e-04 -9.73682673e-03  8.46659775e-03
 -1.31139321e-02 -9.65245950e-03  5.60647217e-03  8.34675936e-03
 -2.75473627e-03  8.15306391e-03  7.44792881e-03  8.90872894e-04
 -1.97071767e-03 -4.83016821e-02 -6.53324318e-03 -3.22715745e-02
  2.31752365e-02 -4.46482307e-04 -1.59034513e-02  1.88981736e-02
 -3.40628447e-03 -1.05156012e-02 -9.39203114e-03  2.49781996e-02
  2.19549417e-02  1.38504103e-02  2.42950867e-02 -2.25397912e-02
 -2.54037659e-02  7.60078006e-03  4.49160133e-03  3.43862476e-03
  3.69350952e-03 -7.35868235e-02 -1.88097945e-02  2.49781929e-02
  3.98803602e-02  3.77091639e-02 -1.15669385e-02  1.41306700e-02
  2.03959356e-02  1.60304412e-02  6.86759603e-02 -5.69982914e-02
  8.73783346e-02 -2.20714841e-02  4.58196548e-02 -1.57663092e-02
  4.11713700e-03 -3.74447897e-02  6.77507642e-03  5.71472049e-03]"
43,"[ 0.00037374  0.03814902 -0.00300184 -0.00230675 -0.00415255 -0.00060979
  0.00110419 -0.00377868 -0.00537382  0.0033875  -0.00220594 -0.00686631
 -0.01769903  0.00717128  0.02745226 -0.00993079  0.01175084 -0.02192374
 -0.02981618 -0.00704323 -0.00265703  0.00121438  0.00174576  0.00354197
  0.02607832  0.04264988 -0.00362131 -0.06356557  0.00411433 -0.01351516
  0.06539635 -0.00835973  0.19006566  0.19622886  0.06975843 -0.08868402
  0.01044461 -0.01124267  0.05262188  0.03443215  0.0986089   0.00204728
  0.01866267 -0.00996548  0.0280508  -0.01548912 -0.00165417 -0.00890098
 -0.04922508  0.08140169  0.00786218 -0.00878953  0.00525044  0.00525563
 -0.02369249 -0.00500007  0.00936969 -0.00174651 -0.01302106 -0.00065969
 -0.0103126   0.00514141 -0.01568142  0.02824864 -0.00803242 -0.01055697
  0.0274123   0.0094424   0.00231599  0.00793927  0.02068818  0.01784162
  0.00876682 -0.00274509 -0.01512304  0.02422111  0.00211482  0.00975485
 -0.00681887 -0.02118431 -0.02187792 -0.00846878 -0.00852805  0.00768114
 -0.01144749 -0.0044385   0.00505587 -0.01154799 -0.00943687 -0.00816901
  0.03794767  0.03290218 -0.01605301 -0.02583963 -0.06354595 -0.0262333
  0.02763005  0.07027689  0.03830483  0.01756828]"
44,"[ 2.36673697e-08  6.00581809e-06 -1.77177569e-07  6.22004738e-06
  9.15605442e-07 -1.91420458e-06  8.92175767e-07  6.84879599e-06
  5.15082319e-06 -6.71847002e-07 -4.21939216e-06 -3.54507621e-06
 -7.05948359e-06 -2.60225483e-06  4.31071247e-06 -3.84488437e-06
  3.36759093e-07  2.13427468e-06 -4.76224121e-06  4.54694954e-08
 -6.13302605e-06  1.08916027e-06 -1.21284480e-05  3.63917803e-07
 -9.36892414e-07  3.45774345e-06  8.95705654e-06  1.21748378e-05
  6.30793396e-06  7.76643635e-06  5.38569679e-06 -7.78118825e-07
  1.47168494e-06 -3.77197577e-06 -2.57184938e-06 -7.76510899e-06
  1.55850641e-08 -6.90497138e-06 -1.86670833e-06 -9.10242899e-07
 -1.91354187e-06 -1.75536873e-07  5.05073535e-06 -2.70195883e-06
  7.13779752e-07 -5.05796110e-06 -9.01712294e-07 -5.35301121e-06
  3.02515379e-06 -1.43531582e-07  3.80031538e-07 -1.39523694e-06
 -6.01545430e-06 -5.81490301e-06  3.60101631e-06  2.74976762e-06
  3.40890530e-07  3.17426999e-06  8.61093532e-07  7.09510363e-06
  7.40842063e-06  3.84136116e-06  5.78294872e-06 -2.62915722e-06
  8.50430577e-06  2.38620694e-07 -5.79997849e-06 -5.13224603e-06
 -5.46554903e-06  2.05414761e-06 -1.86251252e-06  1.31730608e-06
 -1.04216493e-05 -3.15843526e-06  3.39325749e-06 -3.96851310e-07
  3.62234645e-06  2.45710969e-06 -3.02699400e-06  6.90233502e-06
  3.16849859e-06  8.79473731e-06 -3.95305302e-06  2.55380313e-06
  2.04158129e-07  5.09334742e-07 -3.84541690e-06 -4.60444140e-07
 -1.12426532e-05  3.93436930e-06 -1.23843725e-05 -2.15784077e-06
 -2.25812990e-06  1.46779771e-05  5.64154603e-06 -1.65958623e-05
 -2.22911683e-06 -2.02900139e-06  1.72068030e-06  4.89191909e-06]"
45,"[ 1.27613729e-04  3.41202822e-03  3.16939984e-05  2.43878138e-03
  3.00476195e-04 -2.10639060e-04  2.98127632e-04  1.29282116e-03
  4.19378215e-03  9.21372916e-05  1.52374830e-03  2.11489067e-03
  6.70438004e-03  1.70589953e-03 -1.81612586e-03  9.87087043e-03
 -3.85679815e-03  1.49874400e-03 -1.33703161e-02 -4.84531351e-03
 -1.86648809e-03 -6.49455014e-04  1.03877402e-02 -4.97221696e-04
  9.58744616e-03  2.72479588e-02  3.74807596e-03  7.62596282e-03
 -7.83575029e-04  1.14795103e-02 -7.70656680e-03 -3.75173324e-03
 -7.18975460e-03  3.52929324e-03 -8.63695274e-04  3.16687750e-04
 -2.54885829e-03 -9.96049226e-03  1.56059226e-02  2.96189847e-04
  2.56718709e-03 -2.29176227e-03 -6.25267350e-03  6.13592521e-03
 -4.47433401e-03  8.08439553e-03 -3.94298607e-03  2.89880777e-03
 -5.86034723e-04  1.27006788e-02 -4.42785915e-03 -3.98036392e-03
  1.32312176e-03  1.51617428e-02  1.92712505e-02 -9.07461615e-03
  3.29039072e-02 -5.37343769e-02  1.12206465e-04 -5.41373021e-02
  9.04303582e-03  1.09226085e-01 -2.09796172e-02  7.21608474e-02
 -2.43506142e-03  2.33507914e-02  2.21342745e-02  3.79142288e-02
 -8.29258408e-03  2.85410596e-02 -8.03836200e-03 -1.08995467e-02
 -3.86918364e-02  3.08132135e-02 -8.93154114e-02  4.25656833e-02
  1.48028209e-03  3.93661636e-02 -4.27204024e-02 -4.18134537e-02
 -3.30150648e-02 -1.28250712e-02 -5.50119147e-02 -4.95283998e-02
 -3.32654336e-02  1.00937684e-02  9.71029701e-03 -3.95456818e-02
  1.05505830e-02  8.95396175e-03 -5.44095909e-03 -4.54717218e-02
  1.00549554e-02 -2.35520046e-02  1.24908835e-02  8.49913845e-03
  1.25574474e-02 -1.07733681e-02 -1.41691089e-02  2.17753313e-02]"
46,"[ 5.53613836e-04  6.13992648e-02 -5.56965937e-03 -1.15390890e-02
 -1.13514303e-02  5.33785142e-04  1.36140274e-03  1.15653200e-02
 -1.46027239e-02 -9.11723014e-04  2.24750548e-03  5.91623873e-03
  7.66934361e-02  3.84600713e-02  1.24981255e-02 -6.84574764e-02
  2.72051910e-02 -2.24253800e-02  8.01226977e-03  7.65514207e-03
  6.00149876e-04  4.71708678e-03  3.13009233e-03 -3.66150131e-03
  7.38208771e-04  1.58417188e-03  1.12562783e-02 -4.91221047e-03
  8.31052537e-04 -2.00582710e-02 -1.22954930e-02 -1.16787686e-02
 -3.53207658e-03  1.31261528e-03  3.89879389e-03  7.13824816e-03
  6.81082933e-03 -1.48613850e-03 -5.97813846e-03  2.29992193e-02
  1.42181271e-02  2.78843639e-03 -1.03325877e-02  7.84072148e-03
 -4.63334217e-04  2.06192237e-02 -5.02803527e-03  3.77635277e-03
  6.07591324e-03 -2.24154828e-02  3.68232077e-05  4.72383534e-03
 -3.46515337e-03 -1.29026538e-02  5.27647475e-03 -9.23626553e-03
 -1.38375297e-02 -1.77446053e-02 -1.48270739e-02  9.48423245e-03
  8.73123159e-03  8.91871595e-03  8.83755423e-03 -1.02183054e-02
 -3.33072302e-03 -9.66177139e-04 -4.79363932e-03  9.54633817e-03
 -5.98278133e-03  7.17371617e-03  1.67459161e-02  1.01768472e-03
 -8.19944758e-03 -1.81206727e-02 -4.49887421e-03 -1.54180335e-03
  2.95020523e-03 -5.40320732e-03  9.68291805e-04  1.02036056e-03
 -1.06743940e-02 -1.41293556e-02 -5.16898418e-03 -1.67300594e-02
 -1.47602322e-02 -8.98480583e-03  1.30178356e-02 -6.00535317e-03
  6.59823917e-03  1.67317103e-02  7.60158530e-03 -1.97595327e-03
  2.91672643e-03  5.83346904e-03 -8.85143722e-03  1.10510651e-02
  8.19628635e-03 -2.30174379e-02  9.67825767e-04 -3.04800285e-02]"
47,"[ 2.12067892e-06  3.53338321e-04 -2.90173266e-05 -6.50082859e-05
 -6.83494401e-05  1.45622576e-05  8.37992406e-06  7.57639050e-05
 -3.99599710e-05  7.79190937e-08  4.22805869e-05  1.44636817e-05
  7.26364958e-05  1.57098936e-04  8.36078909e-05  1.05070082e-04
 -5.03169991e-05 -2.05728809e-04 -1.15537587e-04 -1.18885297e-04
  5.09386781e-05 -1.43305062e-04  4.76091647e-05 -5.42152501e-06
  1.28455379e-04  2.95906971e-04  4.49238918e-04 -1.34986504e-04
 -2.98167511e-06  7.53386506e-07 -1.11052101e-04 -3.67386217e-06
 -3.09196851e-05 -8.64373554e-05 -4.27976684e-05  1.03259217e-04
  1.11386201e-04 -1.49843907e-04 -8.83181485e-05 -4.26237026e-06
  1.58455057e-06 -4.96755220e-06  2.06343311e-05 -8.25936595e-06
 -7.23861897e-05  7.67700021e-05  5.60813081e-05 -2.06078404e-05
 -5.56237917e-05  2.13221291e-04 -1.65893517e-05  4.66519660e-05
 -2.71737551e-06 -1.80609121e-05  4.22039301e-05 -7.41526857e-05
  2.60211635e-04 -1.91231571e-04 -1.02045376e-04 -7.62687432e-05
  5.20009561e-05  7.39801494e-05  4.81589135e-05 -2.77659184e-05
 -1.43940788e-04  2.44994548e-04 -1.99244944e-05  2.97611944e-04
  1.87141066e-04 -2.04965808e-04  7.09865258e-05 -3.60651888e-05
 -2.72804397e-04  1.48858885e-04 -2.85159262e-04  2.28844882e-04
 -1.52679088e-04  1.76828956e-04 -2.56341864e-04 -2.98954566e-04
  2.09653938e-05 -3.18880328e-06 -1.37681755e-04 -2.14246805e-04
 -1.83954774e-04 -1.97086688e-04  2.61758045e-05 -9.45144387e-05
  1.31450800e-04  2.81706431e-06  1.64360619e-04 -6.11627358e-05
  4.54567373e-05 -1.53234675e-04 -1.40347355e-04  5.79765513e-05
  3.33006085e-05 -1.25673263e-04 -1.89319062e-04 -9.67576277e-05]"
48,"[ 7.14374539e-04  5.21266672e-02 -4.65505299e-03 -8.40437035e-03
 -6.76110334e-03  6.00480819e-04  9.87004681e-03  6.13657851e-02
 -1.00841498e-02 -1.20885297e-03  1.86111285e-03  4.36477339e-02
  2.53808150e-01  1.40794424e-01  3.29065836e-02 -2.01560160e-01
  7.37491152e-02 -3.24179710e-02  5.29624689e-02  4.27787590e-02
  7.59868582e-03  1.59591578e-02 -6.05340321e-03 -4.80824239e-03
  1.92568004e-02  4.27414428e-02  3.71864123e-02 -2.79951664e-02
  2.06310775e-03 -1.01425813e-02 -1.45314303e-02 -2.53748451e-02
 -4.58827532e-03 -7.99280901e-03  3.52792921e-03  2.20260462e-03
  6.20673083e-03 -2.39576420e-02 -1.46598560e-03  2.28536232e-02
  1.40208667e-02  5.18320376e-03 -9.83639631e-03  1.42933917e-02
 -1.56301528e-02  2.74188652e-02 -6.42019440e-03 -6.16182251e-03
  3.91006073e-03 -2.50116373e-02 -1.29899638e-02  2.44002456e-03
 -1.27505522e-02 -8.64964644e-03  3.52535831e-04 -2.61336928e-02
 -2.41836485e-02 -4.50900760e-02 -3.02253006e-02  9.17860904e-03
  1.37505201e-02  1.18932528e-02  1.11332922e-02 -1.73018288e-02
  7.53010729e-03 -2.41109440e-02  1.49293443e-05  1.39051028e-02
 -1.98076492e-02  6.17186560e-03  3.78459090e-02  2.74781297e-02
  1.63833605e-02 -3.00995839e-02 -5.78046313e-03  2.21922286e-02
 -4.77436888e-03 -2.18370839e-02 -2.45199765e-03  4.30613244e-02
  1.48875008e-02  7.02140013e-03 -6.68592267e-04 -4.47984801e-02
 -3.19456951e-02 -3.00825374e-02  1.19280846e-02  2.94617402e-04
  3.56053803e-02  3.28284090e-02 -2.53962629e-02  1.64055089e-02
  1.57868191e-02  5.84880320e-03 -1.16684436e-02  5.14068944e-02
  1.85332010e-03 -1.80491367e-02 -3.03304370e-02 -6.00776229e-02]"
49,"[ 6.52451986e-05  6.87354912e-03 -5.81135658e-04 -8.63282440e-04
 -1.35670409e-03 -7.08691952e-06 -3.56852369e-04 -1.32496942e-03
 -1.30625726e-03 -5.53928178e-05 -1.43156026e-04 -1.61996378e-03
 -2.15323699e-03 -2.87317168e-04  1.49679880e-03 -1.69610905e-03
  7.25567037e-04 -9.15435903e-04 -1.20838481e-03 -4.43130922e-04
 -3.38194961e-04 -2.88354318e-04  1.50196461e-04  3.00304075e-05
  7.02887179e-04  1.27631256e-03  4.68005762e-04 -1.64032859e-03
 -5.70533025e-04 -2.03929196e-04  7.40082810e-04  2.73374318e-04
  6.54370680e-05 -5.16842661e-04 -5.20203233e-04 -1.67114451e-03
  4.27233305e-04 -2.04916103e-04 -3.58167117e-04 -6.34570684e-04
 -1.17308789e-03 -3.25028984e-04 -6.36929181e-04  1.05248155e-04
 -1.21785209e-03  8.28462441e-04 -2.07941513e-05 -5.79217456e-04
  9.37194023e-04  1.02210086e-04 -1.22465513e-03 -4.50367453e-04
 -5.08774176e-04 -9.89741679e-04  2.87124231e-04  2.83491865e-06
 -3.15925218e-04  5.41630616e-04 -7.80247810e-04  4.37264202e-04
  1.19939416e-03  9.97910588e-04  1.26769573e-03 -1.23827594e-03
  1.62743896e-03  9.25095096e-04 -5.48827760e-04  7.55390279e-04
  3.46028102e-04 -1.26086739e-03  1.13841923e-03  3.38236685e-04
 -1.18875383e-03 -7.74208412e-04 -6.62888161e-04 -5.03598966e-04
  5.62215058e-04 -1.87736369e-04 -2.26833874e-04 -6.68676106e-04
  5.70377021e-04 -2.89430716e-04 -1.18411123e-03 -2.76686794e-04
  4.16937926e-04 -5.36894167e-04 -5.73620317e-04  3.51689212e-05
  5.47151020e-05  6.43811553e-04  4.55986425e-04 -2.91760699e-05
 -8.96417034e-04 -5.59012337e-04 -5.03312503e-04 -3.28250349e-04
 -7.57997208e-04  2.89275194e-04  7.21853366e-04  9.87255627e-04]"
50,"[ 1.11751554e-03  8.67882590e-02 -8.01561055e-03 -1.61924200e-02
 -1.13861091e-02  1.36846120e-03  1.94715345e-02  1.20584111e-01
 -2.32479621e-02 -2.87699150e-03  2.30607670e-03  8.77330724e-02
  5.06378532e-01  2.73919454e-01  5.65174869e-02 -4.00395385e-01
  1.45329706e-01 -6.07467561e-02  1.09574599e-01  8.77567837e-02
  1.41053399e-02  3.48504387e-02 -1.27318150e-02 -1.00663154e-02
  3.40052437e-02  7.69733693e-02  7.78641799e-02 -4.49944133e-02
  8.17093411e-03 -2.79163942e-02 -2.97509262e-02 -4.94425772e-02
 -3.19524277e-03 -1.56265150e-02  9.14269133e-03  7.65261823e-03
  1.32566676e-02 -4.54182594e-02 -7.52862790e-03  5.48155433e-02
  3.25580648e-02  1.15803903e-02 -9.64234679e-03  3.23180363e-02
 -2.50182634e-02  5.40668868e-02 -1.27299724e-02 -1.14770270e-02
  9.95976794e-03 -5.37982098e-02 -2.69243061e-02  5.94340549e-03
 -2.42194259e-02 -1.13881872e-02  1.22353956e-05 -5.09024838e-02
 -4.79434342e-02 -8.73579028e-02 -6.11530668e-02  1.83556522e-02
  2.06315153e-02  2.62017055e-02  2.15341128e-02 -3.38239046e-02
  7.60060584e-03 -5.60213218e-02 -3.18969895e-03  2.08745605e-02
 -4.13737144e-02  1.97293609e-02  7.42305186e-02  5.06639503e-02
  3.00943968e-02 -5.20325198e-02 -1.56430398e-02  3.59982538e-02
 -1.13678301e-02 -3.92350475e-02 -1.43724070e-02  7.57086902e-02
  2.56277991e-02  1.04211533e-02 -4.34980930e-04 -8.82454168e-02
 -5.26483910e-02 -6.35428833e-02  2.55303512e-02  3.06659863e-03
  8.13345727e-02  6.23968050e-02 -4.28589667e-02  2.24066991e-02
  2.84879859e-02  7.78829135e-03 -1.81977943e-02  1.04618124e-01
 -4.47554097e-03 -4.39006732e-02 -4.81918969e-02 -1.06641919e-01]"